recorded_at,visits
2024-01-01 02:00:02,78
2024-01-02 02:00:00,61
2024-01-03 02:00:01,71
2024-01-04 02:00:02,79
2024-01-05 02:00:03,79
2024-01-06 02:00:00,29
2024-01-07 02:00:00,28
2024-01-09 02:00:00,70
2024-01-08 02:00:02,72
2024-01-10 02:00:03,70
2024-01-11 02:00:00,64
2024-01-12 02:00:02,77
2024-01-13 02:00:03,31
2024-01-14 02:00:02,34
2024-01-15 02:00:03,88
2024-01-15 02:00:03,41
2024-01-16 02:00:01,85
2024-01-17 02:00:03,81
2024-01-18 02:00:03,73
2024-01-19 02:00:00,81
2024-01-20 02:00:00,26
2024-01-21 02:00:02,31
2024-01-22 02:00:01,72
2024-01-23 02:00:03,80
2024-01-24 02:00:03,67
2024-01-25 02:00:02,69
2024-01-26 02:00:03,76
2024-01-27 02:00:03,34
2024-01-28 02:00:01,34
2024-01-29 02:00:00,75
2024-01-30 02:00:01,81
2024-01-31 02:00:00,69
2024-02-01 02:00:00,72
2024-02-02 02:00:03,73
2024-02-03 02:00:00,27
2024-02-04 02:00:00,26
2024-02-08 02:00:01,72
2024-02-09 02:00:00,73
2024-02-10 02:00:01,31
2024-02-11 02:00:03,33
2024-02-12 02:00:01,67
2024-02-13 02:00:02,79
2024-02-14 02:00:02,69
2024-02-15 02:00:00,82
2024-02-16 02:00:02,73
2024-02-17 02:00:02,28
2024-02-18 02:00:02,42
2024-02-19 02:00:03,72
2024-02-20 02:00:02,76
2024-02-21 02:00:01,61
2024-02-22 02:00:00,72
2024-02-23 02:00:00,70
2024-02-24 02:00:01,28
2024-02-25 02:00:03,31
2024-02-26 02:00:03,89
2024-02-27 02:00:00,66
2024-02-28 02:00:02,64
2024-02-29 02:00:01,74
2024-03-01 02:00:02,68
2024-03-02 02:00:01,29
2024-03-03 02:00:01,20
2024-03-04 02:00:03,79
2024-03-05 02:00:03,71
2024-03-06 02:00:00,73
2024-03-07 02:00:02,74
2024-03-08 02:00:03,85
2024-03-09 02:00:00,31
2024-03-10 02:00:00,34
2024-03-11 02:00:03,68
2024-03-12 02:00:00,71
2024-03-13 02:00:03,73
2024-03-14 02:00:00,68
2024-03-15 02:00:01,77
2024-03-16 02:00:02,29
2024-03-17 02:00:02,34
2024-03-18 02:00:01,83
2024-03-19 02:00:02,75
2024-03-21 02:00:03,76
2024-03-22 02:00:02,76
2024-03-23 02:00:02,37
2024-03-24 02:00:01,30
2024-03-25 02:00:03,80
2024-03-26 02:00:00,78
2024-03-27 02:00:01,76
2024-03-28 02:00:02,78
2024-03-29 02:00:01,85
2024-03-30 02:00:00,31
2024-03-31 02:00:02,30
2024-04-01 02:00:00,83
2024-04-02 02:00:00,69
2024-04-03 02:00:00,70
2024-04-04 02:00:03,73
2024-04-05 02:00:01,73
2024-04-06 02:00:00,36
2024-04-07 02:00:01,23
2024-04-08 02:00:03,71
2024-04-09 02:00:03,76
2024-04-10 02:00:00,
2024-04-11 02:00:02,
2024-04-12 02:00:00,
2024-04-13 02:00:02,25
2024-04-14 02:00:03,36
2024-04-15 02:00:03,75
2024-04-16 02:00:00,73
2024-04-17 02:00:02,72
2024-04-18 02:00:01,77
2024-04-19 02:00:02,60
2024-04-20 02:00:01,25
2024-04-21 02:00:00,43
2024-04-22 02:00:03,71
2024-04-23 02:00:00,71
2024-04-24 02:00:02,66
2024-04-25 02:00:00,73
2024-04-26 02:00:02,76
2024-04-27 02:00:03,32
2024-04-28 02:00:01,24
2024-04-29 02:00:00,68
2024-04-30 02:00:02,71
